dimension,equal_weight,pca_whole_weight
Trade,0.2,0.27094611870302726
Labor,0.2,0.2085099470160025
Convergence,0.1,0.18132166970334762
Financial,0.2,0.13443828754232504
Sustainability,0.1,0.12465975475452941
Infrastructure,0.2,0.08012422228076829
