Country,Rank,Trade,Financial,Labor,Infrastructure,Sustainability,Convergence,Index
BHR,1,71.26,72.14,46.33,69.84,92.92,47.67,65.97
ARE,2,62.85,63.94,29.97,44.93,56.09,75.79,53.53
QAT,3,24.59,51.71,76,62.66,29.31,51.56,51.08
OMN,4,68.25,51.71,45.32,18.62,38.23,67.95,47.4
SAU,5,19.84,44.09,30.65,65.98,74.78,50.41,44.63
KWT,6,26.23,52.11,62.79,44.62,19.22,46.34,43.7
GCC,NA,32.4945,50.283300000000004,39.1276,57.61570000000001,60.3177,55.8553,47.52140000000001
