dimension,equal_weight,pca_whole_weight
Trade,0.2,0.30175025294432267
Labor,0.2,0.20054795502834413
Convergence,0.1,0.18376769334849977
Financial,0.2,0.12980890325174604
Sustainability,0.1,0.09761288891639003
Infrastructure,0.2,0.08651230651069769
